date,hour,number,title,link
2026-07-28,23:00,19/2026,LARQ S.A. - Wykaz akcjonariuszy posiadających co najmniej 5% ogólnej liczby głosów podczas obrad drugiej części Zwyczajnego Walnego Zgromadzenia z 28 lipca 2026 r.,https://espiebi.pap.pl/node/733280
2026-07-28,22:43,18/2026,LARQ S.A. - Treść uchwał podjętych podczas obrad drugiej części Zwyczajnego Walnego Zgromadzenia 28 lipca 2026 r.,https://espiebi.pap.pl/node/733279
2026-07-28,21:52,6/2026,"PRIMA MODA S.A. - Zmiana terminu publikacji raportów: H1/2023, Q3/2023, Q1/2024, H1/2024, Q3/2024, Q1/2025, H1/2025, Q3/2025, Q1/2026, 1H2026 oraz rocznych 2022, 2023, 2024 i 2025",https://espiebi.pap.pl/node/733278
2026-07-28,20:58,33/2026,HERKULES S.A. - Otrzymanie przez Emitenta powiadomienia o transakcjach nabycia akcji Spółki przez osobę pełniącą obowiązki zarządcze,https://espiebi.pap.pl/node/733277
2026-07-28,20:02,17/2026,EUROCASH - Powołanie Członka Zarządu Spółki,https://espiebi.pap.pl/node/733276
2026-07-28,19:50,37/2026,ALLEGRO.EU S.A. - Powiadomienie o transakcjach otrzymane zgodnie z art. 19 MAR,https://espiebi.pap.pl/node/733275
2026-07-28,19:45,16/2026,EUROCASH - Rezygnacja Członka Zarządu Spółki,https://espiebi.pap.pl/node/733274
2026-07-28,17:46,110/2026,MONNARI TRADE S.A. - Skup akcji własnych,https://espiebi.pap.pl/node/733273
2026-07-28,17:23,22/2026,mcr S.A. - Otrzymanie zawiadomienia dotyczącego wysokości skonsolidowanej EBITDA oraz podjęcie uchwały Zarządu Spółki w przedmiocie podjęcia czynności zmierzających do zakwestionowania otrzymanego wyliczenia,https://espiebi.pap.pl/node/733272
2026-07-28,17:21,18/2026,"Nestmedic SA - Rejestracja przez sąd zmiany statutu emitenta lub odmowie takiej rejestracji, z podaniem przyczyn odmowy",https://espiebi.pap.pl/node/733271
2026-07-28,17:20,,INVESTOR GOLD FIZ - FIZ-Q-E_01.07.21,https://espiebi.pap.pl/node/733270
2026-07-28,17:19,,INVESTOR CENTRAL AND EASTERN EUROPE FIZ - FIZ-Q-E_01.07.21,https://espiebi.pap.pl/node/733269
2026-07-28,17:18,17/2026,WIKANA - Oferta zakupu akcji WIKANA S.A.,https://espiebi.pap.pl/node/733268
2026-07-28,17:17,,INVESTOR FIZ - FIZ-Q-E_01.07.21,https://espiebi.pap.pl/node/733267
2026-07-28,17:17,23/2026,LexBono SA - Odwołanie lub rezygnacja osoby zarządzającej lub nadzorującej,https://espiebi.pap.pl/node/733266
2026-07-28,17:12,20/2026,YARRL S.A. - Zwołanie Nadzwyczajnego Walnego Zgromadzenia na dzień 25 sierpnia 2026 r.,https://espiebi.pap.pl/node/733265
2026-07-28,17:06,40/2026,BUDIMEX - Wybrane dane finansowe Grupy Budimex za pierwsze półrocze 2026 roku,https://espiebi.pap.pl/node/733264
2026-07-28,17:05,5/2026,hiPower Energy S.A. - Zawarcie umowy o dofinansowanie w ramach programu Fundusze Europejskie dla Nowoczesnej Gospodarki 2021-2027 [FENG] - działanie Granty na Eurogranty,https://espiebi.pap.pl/node/733263
2026-07-28,17:02,20/2026,Emplocity S.A. - Otrzymanie korekty zawiadomień o transakcjach na akcjach Spółki od osób zobowiązanych,https://espiebi.pap.pl/node/733262
2026-07-28,16:56,55/2026,DEKPOL S.A. - Zawarcie przez spółkę zależną aneksu do umowy ramowej dla linii wieloproduktowej z mBank S.A.,https://espiebi.pap.pl/node/733261
2026-07-28,16:55,11/2026,ZPC OTMUCHÓW S.A. - Korekta dotyczy wyłącznie metadanych,https://espiebi.pap.pl/node/733260
2026-07-28,16:42,50/2026,MOSTALWAR - Zgłoszenie przez akcjonariusza projektów uchwał dotyczących spraw objętych porządkiem obrad NWZ.,https://espiebi.pap.pl/node/733259
2026-07-28,16:35,28/2026,POLIMEX-MOSTOSTAL - Wydanie akcji zwykłych na okaziciela serii S i zmiana wysokości kapitału zakładowego.,https://espiebi.pap.pl/node/733258
2026-07-28,16:33,11/2026,GRUPA MODNE ZAKUPY S.A. - Wykaz akcjonariuszy posiadających co najmniej 5% głosów na Zwyczajnym Walnym Zgromadzeniu Spółki w dniu 28 lipca 2026 r.,https://espiebi.pap.pl/node/733257
2026-07-28,16:27,21/2026,Grupa Modne Zakupy SA - Informacje o walnym zgromadzeniu - treść uchwał podjętych przez WZ (w tym informacje o ogłoszeniu przerwy w obradach),https://espiebi.pap.pl/node/733256
2026-07-28,16:14,12/2026,Dr. Miele Cosmed Group S.A. - Zawarcie przez Emitenta umowy znaczącej,https://espiebi.pap.pl/node/733255
2026-07-28,16:10,33/2026,VOTUM S.A. - Zawarcie warunkowej umowy sprzedaży nieruchomości przez Spółkę zależną,https://espiebi.pap.pl/node/733254
2026-07-28,16:09,16/2026,FEERUM S.A. - Udzielenie przez KUKE gwarancji ubezpieczeniowej gwarantowanej przez Skarb Państwa,https://espiebi.pap.pl/node/733253
2026-07-28,15:51,9/2026,REINO CAPITAL SA - Uzgodnienie wstępnych warunków transakcji nabycia do 100% udziałów spółki prowadzącej działalność na rynku usług facility management,https://espiebi.pap.pl/node/733252
2026-07-28,15:42,11/2026,CAPITAL - Podwyższenie kapitału zakładowego w spółce zależnej Bumech Defense sp. z o.o.,https://espiebi.pap.pl/node/733251
2026-07-28,15:33,24/2026,KRAKCHEMIA S.A. - Zawiadomienie w sprawie znacznego pakietu akcji,https://espiebi.pap.pl/node/733250
2026-07-28,15:24,34/2026,SUNEX S.A. - Nałożenie kary pieniężnej przez KNF,https://espiebi.pap.pl/node/733249
2026-07-28,15:05,36/2026,ALLEGRO.EU S.A. - Powiadomienie o transakcji otrzymane zgodnie z art. 19 MAR,https://espiebi.pap.pl/node/733248
2026-07-28,14:56,5/2026,GRUPA FORTE S.A. - Pierwsze zawiadomienie akcjonariuszy o zamiarze połączenia Grupy Forte S.A. z DYSTRI-FORTE sp. z o.o.,https://espiebi.pap.pl/node/733247
2026-07-28,14:51,22/2026,TESGAS S.A. - Zawarcie umowy znaczącej ze spółką OGP Gaz - System S.A.,https://espiebi.pap.pl/node/733246
2026-07-28,14:49,12/2026,STALPRODUKT - Korekta Raportu bieżącego nr 12 z dnia 14.07.2026 r. - dotyczy wyłącznie metadanych,https://espiebi.pap.pl/node/733245
2026-07-28,14:29,10/2026,"FARMY FOTOWOLTAIKI POLSKA S.A. - Wykaz akcjonariuszy posiadających co najmniej 5% liczby głosów na Zwyczajnym Walnym Zgromadzeniu, które odbyło się w dniu 28 lipca 2026 roku",https://espiebi.pap.pl/node/733244
2026-07-28,14:28,26/2026,ZREMB-CHOJNICE S.A. - Otrzymanie zamówienia w nowym segmencie działalności związanym z obsługą podwodnych pojazdów ROV (Remotely Operated Vehicles) na statkach serwisowych.,https://espiebi.pap.pl/node/733243
2026-07-28,14:27,147/2026,BETA ETF TBSP IPORTFELOWY FIZ - Raport bieżący nr 147 / 2026,https://espiebi.pap.pl/node/733242
2026-07-28,14:26,44/2026,ENERGA S.A. - Dopuszczenie i wprowadzenie do obrotu giełdowego na Głównym Rynku GPW  akcji zwykłych na okaziciela serii CC spółki ENERGA S.A.,https://espiebi.pap.pl/node/733241
2026-07-28,14:24,9/2026,Farmy Fotowoltaiki Polska SA - Informacje o walnym zgromadzeniu - treść uchwał podjętych przez WZ (w tym informacje o ogłoszeniu przerwy w obradach),https://espiebi.pap.pl/node/733240
2026-07-28,14:09,45/2026,NEUCA - Transakcje na akcjach,https://espiebi.pap.pl/node/733239
2026-07-28,14:00,12/2026,QNA Technology S.A. - Rejestracja zmian statutu Spółki,https://espiebi.pap.pl/node/733238
2026-07-28,13:52,12/2026,ZPC OTMUCHÓW S.A. - Rezygnacja Prezesa Zarządu ZPC Otmuchów S.A.,https://espiebi.pap.pl/node/733237
2026-07-28,13:27,30/2026,DEFENCE.HUB S.A. - Zmiana stanu posiadania,https://espiebi.pap.pl/node/733236
2026-07-28,13:23,49/2026,DEVELIA - Informacja o rejestracji zmian w statucie Emitenta,https://espiebi.pap.pl/node/733235
2026-07-28,13:20,149/2026,BETA ETF BITCOIN PORTFELOWY FIZ - Raport bieżący nr 149 / 2026,https://espiebi.pap.pl/node/733234
2026-07-28,13:19,29/2026,DEFENCE.HUB S.A. - Zawarcie umowy o współpracy z Uniwersytetem Kazimierza Wielkiego w Bydgoszczy i Seraphim Defence Systems P.S.A.,https://espiebi.pap.pl/node/733233
2026-07-28,13:18,18/2026,VRG S.A. - Rejestracja w rejestrze przedsiębiorców Krajowego Rejestru Sądowego zmian statutu Spółki,https://espiebi.pap.pl/node/733232
2026-07-28,13:15,8/2026,"Dark Point Games S.A. - Podwyższenie kapitału zakładowego w ramach kapitału docelowego w związku z
realizacją Programu Motywacyjnego 2023-2025",https://espiebi.pap.pl/node/733231
2026-07-28,13:14,29/2026,DEFENCE.HUB SA - Powołanie osoby zarządzającej lub nadzorującej,https://espiebi.pap.pl/node/733230
2026-07-28,13:13,147/2026,BETA ETF sWIG80TR PORTFELOWY FIZ - Raport bieżący nr 147 / 2026,https://espiebi.pap.pl/node/733229
2026-07-28,13:06,133/2026,BETA ETF MWIG40TRsh PORTFELOWY FIZ - Raport bieżący nr 133 / 2026,https://espiebi.pap.pl/node/733228
2026-07-28,13:03,124/2026,BETA ETF MWIG40TRlv PORTFELOWY FIZ - Raport bieżący nr 124 / 2026,https://espiebi.pap.pl/node/733227
2026-07-28,13:01,31/2026,MENNICA -  Zawiadomienia o transakcjach w trybie art. 19 MAR,https://espiebi.pap.pl/node/733226
2026-07-28,12:59,5/2026,DB ENERGY S.A. - Harmonogram publikacji raportów okresowych w roku obrotowym 2026/2027,https://espiebi.pap.pl/node/733225
2026-07-28,12:58,147/2026,BETA ETF NASDAQ-100 2 x SHORT PORTFELOWY FIZ - Raport bieżący nr 147 / 2026,https://espiebi.pap.pl/node/733224
2026-07-28,12:53,155/2026,BETA ETF OBLIGACJI 6M PORTFELOWY FIZ - Raport bieżący nr 155 / 2026,https://espiebi.pap.pl/node/733223
2026-07-28,12:40,147/2026,BETA ETF S&P 500 PLN-HEDGED PORTFELOWY FIZ - Raport bieżący nr 147 / 2026,https://espiebi.pap.pl/node/733222
2026-07-28,12:39,33/2026,MOSTALZAB - Zawarcie przez spółkę zależną aneksu do umowy o MultiLinię z Erste Bank Polska S.A.,https://espiebi.pap.pl/node/733221
2026-07-28,12:34,11/2026,ZPC OTMUCHÓW S.A. - Odnowienie z bankiem umowy na finansowanie bieżącej działalności.,https://espiebi.pap.pl/node/733220
2026-07-28,12:32,146/2026,BETA ETF WIG20short PORTFELOWY FIZ - Raport bieżący nr 146 / 2026,https://espiebi.pap.pl/node/733219
2026-07-28,12:26,147/2026,BETA ETF WIG20lev PORTFELOWY FIZ - Raport bieżący nr 147 / 2026,https://espiebi.pap.pl/node/733218
2026-07-28,12:24,21/2026,G-Devs S.A. - Zawiadomienie z art. 69 Ustawy o Ofercie Publicznej,https://espiebi.pap.pl/node/733217
2026-07-28,12:21,148/2026,BETA ETF mWIG40TR PORTFELOWY FIZ - Raport bieżący nr 148 / 2026,https://espiebi.pap.pl/node/733216
2026-07-28,12:11,151/2026,BETA ETF DYWIDENDA PLUS PORTFELOW FIZ - Raport bieżący nr 151 / 2026,https://espiebi.pap.pl/node/733215
2026-07-28,12:06,148/2026,BETA ETF WIG20TR PORTFELOWY FIZ - Raport bieżący nr 148 / 2026,https://espiebi.pap.pl/node/733214
2026-07-28,12:03,147/2026,BETA ETF NASDAQ-100 3 x LEVERAGED PORTFELOWY FIZ - Raport bieżący nr 147 / 2026,https://espiebi.pap.pl/node/733213
2026-07-28,11:58,147/2026,BETA ETF NASDAQ-100 PLN-HEDGED PORTFELOWY FIZ - Raport bieżący nr 147 / 2026,https://espiebi.pap.pl/node/733212
2026-07-28,11:51,108/2026,PZU ETF WIG20 TR + mWIG40 TR PORTFELOWY FIZ - WANCI-E_30.04.18,https://espiebi.pap.pl/node/733211
2026-07-28,11:47,70/2026,PZU ETF GOLD PORTFELOWY FIZ - WANCI-E_30.04.18,https://espiebi.pap.pl/node/733210
2026-07-28,11:43,89/2026,PZU ETF MSCI WORLD PORTFELOWY FIZ - WANCI-E_30.04.18,https://espiebi.pap.pl/node/733209
2026-07-28,11:41,16/2026,WIKANA - Informacja o transakcji na akcjach Spółki uzyskana w trybie art. 19 MAR,https://espiebi.pap.pl/node/733208
2026-07-28,11:15,26/2026,KOMPAP - Nabycie akcji przez Prezesa Zarządu,https://espiebi.pap.pl/node/733207
2026-07-28,10:51,36/2026,BEST - Emisja obligacji w ramach oferty publicznej,https://espiebi.pap.pl/node/733206
2026-07-28,10:30,8/2026,PZU ETF OBLIGACJI SKARBOWYCH ZMIENNOKUPONOWYCH PORTFELOWY FIZ - ZFO-E_30.04.18,https://espiebi.pap.pl/node/733205
2026-07-28,10:28,8/2026,PZU ETF OBLIGACJI SKARBOWYCH DŁUGOTERMINOWYCH PORTFELOWY FIZ - ZFO-E_30.04.18,https://espiebi.pap.pl/node/733204
2026-07-28,10:20,69/2026,PZU ETF GOLD PORTFELOWY FIZ - ZFO-E_30.04.18,https://espiebi.pap.pl/node/733203
2026-07-28,10:18,88/2026,PZU ETF MSCI WORLD PORTFELOWY FIZ - ZFO-E_30.04.18,https://espiebi.pap.pl/node/733202
2026-07-28,10:16,107/2026,PZU ETF WIG20 TR + mWIG40 TR PORTFELOWY FIZ - ZFO-E_30.04.18,https://espiebi.pap.pl/node/733201
2026-07-28,09:57,19/2026,PZU FIZ LEGATO ABSOLUTNEJ STOPY ZWROTU - ZFO-E_30.04.18,https://espiebi.pap.pl/node/733200
2026-07-28,09:54,19/2026,PZU FIZ AKORD ABSOLUTNEJ STOPY ZWROTU - ZFO-E_30.04.18,https://espiebi.pap.pl/node/733199
2026-07-28,09:28,21/2026,mcr S.A. - Rejestracja przez sąd zmiany statutu Spółki,https://espiebi.pap.pl/node/733198
2026-07-28,09:26,39/2026,SYNEKTIK S.A. - Szacunkowe przychody za trzeci kwartał oraz 9 miesięcy 2025 roku finansowego,https://espiebi.pap.pl/node/733197
2026-07-28,09:22,17/2026,"Nestmedic SA - Zakończenie subskrypcji lub sprzedaży, związanej z wprowadzeniem instrumentów finansowych emitenta do obrotu w alternatywnym systemie",https://espiebi.pap.pl/node/733196
2026-07-28,08:42,33/2026,SYNTHAVERSE SA - Rozszerzenie terytorium współpracy w ramach istotnej umowy handlowej,https://espiebi.pap.pl/node/733194
2026-07-28,08:31,77/2026,Enea Elektrownia Połaniec Sp. z o.o. - POWIADOMIENIE O TRANSAKCJI W TRYBIE ART. 19 MAR,https://espiebi.pap.pl/node/733193
2026-07-28,08:10,20/2026,Aqua SA - Raport kwartalny za II kwartał,https://espiebi.pap.pl/node/733195
2026-07-28,08:02,39/2026,ENEA WYTWARZANIE SP. Z.O.O. - POWIADOMIENIE O TRANSAKCJI W TRYBIE ART. 19 MAR,https://espiebi.pap.pl/node/733192
2026-07-28,07:57,32/2026,PEPCO GROUP N.V. - Cancellation of original tender buyback and relaunch at a higher tender price,https://espiebi.pap.pl/node/733191
2026-07-28,07:51,4/2026,GRUPA FORTE S.A. - Informacja poufna - wstępna informacja o wynikach finansowych Emitenta,https://espiebi.pap.pl/node/733190
2026-07-28,07:06,4/2026,BANK MILLENNIUM S.A. - English version (translation) of Report of the Bank Millennium S.A. Capital Group for 1st half of 2026,https://espiebi.pap.pl/node/733189
2026-07-28,07:05,4/2026,BANK MILLENNIUM S.A. - English version (translation) of Report of the Bank Millennium S.A. Capital Group for 1st half of 2026,https://espiebi.pap.pl/node/733188
2026-07-28,07:02,,BANK MILLENNIUM S.A. - Skonsolidowany raport półroczny  PSr,https://espiebi.pap.pl/node/733187
2026-07-28,07:00,,BANK MILLENNIUM S.A. - Skonsolidowany raport półroczny  PSr,https://espiebi.pap.pl/node/733186
2026-07-28,06:32,15/2026,PRIME ASI SA - Zawiadomienie w trybie art. 69 Ustawy o ofercie publicznej,https://espiebi.pap.pl/node/733185
